﻿pos_x,pos_y,rotation,side,designator,mpn,pack,footprint,value,mount_type
130.824375,-102.39375,0.0,top,D1,,,LED_SK6812MINI_PLCC4_3.5x3.5mm_P1.75mm,SK6812MINI,smt
166.6875,-102.39375,-90.0,top,J1,,,male_only_connector_5pin_Version3,Male_Pogo_Connector_01x05,tht
164.14125,-91.61,180.0,top,J2,,,SSD1306-0.91-OLED-4pin-128x32,Display,tht
95.25,-102.39375,-90.0,top,J3,,,male_only_connector_5pin_Version3,Male_Pogo_Connector_01x05,tht
130.824375,-133.35,0.0,top,J5,,,male_only_connector_5pin_Version3,Male_Pogo_Connector_01x05,tht
114.314375,-113.9825,0.0,top,SW1,,,SW_Cherry_MX_1.00u_PCB,SW_Push,tht
133.50875,-113.9825,0.0,top,SW2,,,SW_Cherry_MX_1.00u_PCB,SW_Push,tht
152.703125,-113.9825,0.0,top,SW3,,,SW_Cherry_MX_1.00u_PCB,SW_Push,tht
111.91875,-90.4875,0.0,top,U1,,,XIAO-RP2040-DIP,XIAO-RP2040-DIP,smt
