﻿pos_x,pos_y,rotation,side,designator,mpn,pack,footprint,value,mount_type
152.4,-56.1975,90.0,top,D1,,,D_DO-35_SOD27_P7.62mm_Horizontal,D_Small,tht
152.0,-95.81,90.0,top,D10,,,D_DO-35_SOD27_P7.62mm_Horizontal,D_Small,tht
156.0,-95.81,90.0,top,D11,,,D_DO-35_SOD27_P7.62mm_Horizontal,D_Small,tht
160.0,-96.0,90.0,top,D12,,,D_DO-35_SOD27_P7.62mm_Horizontal,D_Small,tht
157.0,-56.1975,90.0,top,D2,,,D_DO-35_SOD27_P7.62mm_Horizontal,D_Small,tht
161.925,-56.1975,90.0,top,D3,,,D_DO-35_SOD27_P7.62mm_Horizontal,D_Small,tht
152.0,-69.81,90.0,top,D4,,,D_DO-35_SOD27_P7.62mm_Horizontal,D_Small,tht
156.0,-69.81,90.0,top,D5,,,D_DO-35_SOD27_P7.62mm_Horizontal,D_Small,tht
160.0,-69.81,90.0,top,D6,,,D_DO-35_SOD27_P7.62mm_Horizontal,D_Small,tht
152.0,-82.81,90.0,top,D7,,,D_DO-35_SOD27_P7.62mm_Horizontal,D_Small,tht
156.0,-82.81,90.0,top,D8,,,D_DO-35_SOD27_P7.62mm_Horizontal,D_Small,tht
160.0,-82.81,90.0,top,D9,,,D_DO-35_SOD27_P7.62mm_Horizontal,D_Small,tht
92.55,-80.645,0.0,top,J1,,,PinHeader_1x05_P2.54mm_Vertical,Male_Pogo_Connector_01x05,tht
125.88875,-47.275,90.0,top,J2,,,PinHeader_1x05_P2.54mm_Vertical,Male_Pogo_Connector_01x05,tht
169.41875,-80.645,0.0,top,J3,,,PinHeader_1x05_P2.54mm_Vertical,Male_Pogo_Connector_01x05,tht
125.92,-124.2,90.0,top,J4,,,PinHeader_1x05_P2.54mm_Vertical,Male_Pogo_Connector_01x05,tht
104.93375,-52.07,0.0,top,SW1,,,SW_Cherry_MX_1.00u_PCB,SW_Push_45deg,tht
104.93375,-109.22,0.0,top,SW10,,,SW_Cherry_MX_1.00u_PCB,SW_Push_45deg,tht
123.98375,-109.22,0.0,top,SW11,,,SW_Cherry_MX_1.00u_PCB,SW_Push_45deg,tht
143.03375,-109.22,0.0,top,SW12,,,SW_Cherry_MX_1.00u_PCB,SW_Push_45deg,tht
123.98375,-52.07,0.0,top,SW2,,,SW_Cherry_MX_1.00u_PCB,SW_Push_45deg,tht
143.03375,-52.07,0.0,top,SW3,,,SW_Cherry_MX_1.00u_PCB,SW_Push_45deg,tht
104.93375,-71.12,0.0,top,SW4,,,SW_Cherry_MX_1.00u_PCB,SW_Push_45deg,tht
123.98375,-71.12,0.0,top,SW5,,,SW_Cherry_MX_1.00u_PCB,SW_Push_45deg,tht
143.03375,-71.12,0.0,top,SW6,,,SW_Cherry_MX_1.00u_PCB,SW_Push_45deg,tht
104.93375,-90.17,0.0,top,SW7,,,SW_Cherry_MX_1.00u_PCB,SW_Push_45deg,tht
123.98375,-90.17,0.0,top,SW8,,,SW_Cherry_MX_1.00u_PCB,SW_Push_45deg,tht
143.03375,-90.17,0.0,top,SW9,,,SW_Cherry_MX_1.00u_PCB,SW_Push_45deg,tht
160.0,-113.0,180.0,top,U1,,,XIAO-RP2040-DIP,XIAO-RP2040-DIP,smt
