﻿Designator,Quantity,Value,Footprint,Package,MPN,DNP,Mount_Type,Description,Sim.Device,Sim.Pins
"D1, D10, D11, D12, D2, D3, D4, D5, D6, D7, D8, D9",12,D_Small,D_DO-35_SOD27_P7.62mm_Horizontal,,,,tht,"Diode, small symbol",D,1=K 2=A
"J1, J2, J3, J4",4,Male_Pogo_Connector_01x05,PinHeader_1x05_P2.54mm_Vertical,,,,tht,,,
"SW1, SW10, SW11, SW12, SW2, SW3, SW4, SW5, SW6, SW7, SW8, SW9",12,SW_Push_45deg,SW_Cherry_MX_1.00u_PCB,,,,tht,"Push button switch, normally open, two pins, 45° tilted",,
U1,1,XIAO-RP2040-DIP,XIAO-RP2040-DIP,,,,smt,,,
