﻿pos_x,pos_y,rotation,side,designator,mpn,pack,footprint,value,mount_type
111.55,-89.92,0.0,top,J1,,,PinHeader_1x05_P2.54mm_Vertical,Male_Pogo_Connector_01x05,tht
144.92,-71.55,90.0,top,J2,,,PinHeader_1x05_P2.54mm_Vertical,Male_Pogo_Connector_01x05,tht
144.92,-119.5,90.0,top,J3,,,PinHeader_1x05_P2.54mm_Vertical,Male_Pogo_Connector_01x05,tht
188.45,-89.92,0.0,top,J4,,,PinHeader_1x05_P2.54mm_Vertical,Male_Pogo_Connector_01x05,tht
123.98375,-86.11,0.0,top,SW1,,,SW_Cherry_MX_1.00u_PCB,SW_Push,tht
143.015,-86.11,0.0,top,SW2,,,SW_Cherry_MX_1.00u_PCB,SW_Push,tht
162.08375,-86.11,0.0,top,SW3,,,SW_Cherry_MX_1.00u_PCB,SW_Push,tht
181.13375,-86.11,0.0,top,SW4,,,SW_Cherry_MX_1.00u_PCB,SW_Push,tht
124.0,-110.0,-90.0,top,U1,,,XIAO-RP2040-DIP,XIAO-RP2040-DIP,smt
