﻿pos_x,pos_y,rotation,side,designator,mpn,pack,footprint,value,mount_type
101.5,-60.92,0.0,top,J1,,,PinHeader_1x05_P2.54mm_Vertical,Male_Pogo_Connector_01x05,tht
134.92,-47.55,90.0,top,J2,,,PinHeader_1x05_P2.54mm_Vertical,Male_Pogo_Connector_01x05,tht
178.45,-60.92,0.0,top,J3,,,PinHeader_1x05_P2.54mm_Vertical,Male_Pogo_Connector_01x05,tht
134.92,-84.45,90.0,top,J4,,,PinHeader_1x05_P2.54mm_Vertical,Male_Pogo_Connector_01x05,tht
117.92,-77.0,0.0,top,R1,,,R_Axial_DIN0207_L6.3mm_D2.5mm_P10.16mm_Horizontal,10k,tht
128.08,-81.0,180.0,top,R2,,,R_Axial_DIN0207_L6.3mm_D2.5mm_P10.16mm_Horizontal,10k,tht
163.08,-81.0,180.0,top,R3,,,R_Axial_DIN0207_L6.3mm_D2.5mm_P10.16mm_Horizontal,10k,tht
152.92,-77.0,0.0,top,R4,,,R_Axial_DIN0207_L6.3mm_D2.5mm_P10.16mm_Horizontal,10k,tht
125.08,-55.0,180.0,top,R5,,,R_Axial_DIN0207_L6.3mm_D2.5mm_P10.16mm_Horizontal,10k,tht
155.92,-54.0,0.0,top,R6,,,R_Axial_DIN0207_L6.3mm_D2.5mm_P10.16mm_Horizontal,10k,tht
112.5,-73.25,90.0,top,SW1,,,RotaryEncoder_Alps_EC11E-Switch_Vertical_H20mm,RotaryEncoder_Switch,tht
161.5,-73.25,90.0,top,SW2,,,RotaryEncoder_Alps_EC11E-Switch_Vertical_H20mm,RotaryEncoder_Switch,tht
140.0,-66.0,0.0,top,U1,,,XIAO-RP2040-DIP,XIAO-RP2040-DIP,smt
